timeStamp,elapsed,label,success,responseCode,user_id,failureMessage
1791110556619.706,280.6562000041595,MEASURED - Procurement dashboard FY2026,True,200,1,
1791110556900.471,409.16709999874,MEASURED - Procurement dashboard FY2026,True,200,1,
1791110557310.5974,262.6823000027798,MEASURED - Procurement dashboard FY2026,True,200,1,
1791110557574.3357,296.72669999854406,MEASURED - Procurement dashboard FY2026,True,200,1,
1791110557871.9954,281.68880000157515,MEASURED - Procurement dashboard FY2026,True,200,1,
1791110558154.0886,324.8533000005409,MEASURED - Procurement dashboard FY2026,True,200,1,
1791110558480.163,263.45239999500336,MEASURED - Procurement dashboard FY2026,True,200,1,
1791110558743.9045,270.1660000020638,MEASURED - Procurement dashboard FY2026,True,200,1,
1791110559014.6333,337.98929999466054,MEASURED - Procurement dashboard FY2026,True,200,1,
1791110559352.943,280.58299999975134,MEASURED - Procurement dashboard FY2026,True,200,1,
