"timeStamp","elapsed","label","responseCode","responseMessage","threadName","dataType","success","failureMessage","bytes","sentBytes","grpThreads","allThreads","URL","Latency","IdleTime","Connect"
"1791034102251","291","MEASURED - Procurement dashboard FY2026","200","OK","Authenticated users 1-2","text","true","","301168","864","5","5","http://prism.test/procurement-office?year=2026","288","0","0"
"1791034102252","300","MEASURED - Procurement dashboard FY2026","200","OK","Authenticated users 1-1","text","true","","301168","864","5","5","http://prism.test/procurement-office?year=2026","298","0","0"
"1791034102252","291","MEASURED - Procurement dashboard FY2026","200","OK","Authenticated users 1-4","text","true","","301168","864","5","5","http://prism.test/procurement-office?year=2026","287","0","0"
"1791034102251","294","MEASURED - Procurement dashboard FY2026","200","OK","Authenticated users 1-5","text","true","","301168","864","5","5","http://prism.test/procurement-office?year=2026","291","0","0"
"1791034102251","302","MEASURED - Procurement dashboard FY2026","200","OK","Authenticated users 1-3","text","true","","301168","864","5","5","http://prism.test/procurement-office?year=2026","299","0","0"
"1791034102662","284","MEASURED - Procurement dashboard FY2026","200","OK","Authenticated users 1-4","text","true","","301168","864","5","5","http://prism.test/procurement-office?year=2026","280","0","0"
"1791034102662","288","MEASURED - Procurement dashboard FY2026","200","OK","Authenticated users 1-3","text","true","","301168","864","5","5","http://prism.test/procurement-office?year=2026","285","0","0"
"1791034102662","288","MEASURED - Procurement dashboard FY2026","200","OK","Authenticated users 1-2","text","true","","301168","864","5","5","http://prism.test/procurement-office?year=2026","285","0","0"
"1791034102662","305","MEASURED - Procurement dashboard FY2026","200","OK","Authenticated users 1-5","text","true","","301168","864","5","5","http://prism.test/procurement-office?year=2026","302","0","0"
"1791034102662","320","MEASURED - Procurement dashboard FY2026","200","OK","Authenticated users 1-1","text","true","","301168","864","5","5","http://prism.test/procurement-office?year=2026","318","0","0"
"1791034102954","290","MEASURED - Procurement dashboard FY2026","200","OK","Authenticated users 1-3","text","true","","301168","864","5","5","http://prism.test/procurement-office?year=2026","286","0","0"
"1791034102954","290","MEASURED - Procurement dashboard FY2026","200","OK","Authenticated users 1-2","text","true","","301168","864","5","5","http://prism.test/procurement-office?year=2026","287","0","0"
"1791034102951","293","MEASURED - Procurement dashboard FY2026","200","OK","Authenticated users 1-4","text","true","","301168","864","5","5","http://prism.test/procurement-office?year=2026","289","0","0"
"1791034102973","295","MEASURED - Procurement dashboard FY2026","200","OK","Authenticated users 1-5","text","true","","301168","864","5","5","http://prism.test/procurement-office?year=2026","292","0","0"
"1791034102986","282","MEASURED - Procurement dashboard FY2026","200","OK","Authenticated users 1-1","text","true","","301168","864","5","5","http://prism.test/procurement-office?year=2026","279","0","0"
"1791034103248","281","MEASURED - Procurement dashboard FY2026","200","OK","Authenticated users 1-3","text","true","","301168","864","5","5","http://prism.test/procurement-office?year=2026","278","0","0"
"1791034103248","290","MEASURED - Procurement dashboard FY2026","200","OK","Authenticated users 1-2","text","true","","301168","864","5","5","http://prism.test/procurement-office?year=2026","287","0","0"
"1791034103248","295","MEASURED - Procurement dashboard FY2026","200","OK","Authenticated users 1-4","text","true","","301168","864","5","5","http://prism.test/procurement-office?year=2026","293","0","0"
"1791034103271","288","MEASURED - Procurement dashboard FY2026","200","OK","Authenticated users 1-5","text","true","","301168","864","5","5","http://prism.test/procurement-office?year=2026","285","0","0"
"1791034103271","298","MEASURED - Procurement dashboard FY2026","200","OK","Authenticated users 1-1","text","true","","301168","864","5","5","http://prism.test/procurement-office?year=2026","295","0","0"
"1791034103532","306","MEASURED - Procurement dashboard FY2026","200","OK","Authenticated users 1-3","text","true","","301168","864","5","5","http://prism.test/procurement-office?year=2026","302","0","0"
"1791034103541","303","MEASURED - Procurement dashboard FY2026","200","OK","Authenticated users 1-2","text","true","","301168","864","5","5","http://prism.test/procurement-office?year=2026","299","0","0"
"1791034103547","297","MEASURED - Procurement dashboard FY2026","200","OK","Authenticated users 1-4","text","true","","301168","864","5","5","http://prism.test/procurement-office?year=2026","293","0","0"
"1791034103563","297","MEASURED - Procurement dashboard FY2026","200","OK","Authenticated users 1-5","text","true","","301168","864","5","5","http://prism.test/procurement-office?year=2026","295","0","0"
"1791034103578","310","MEASURED - Procurement dashboard FY2026","200","OK","Authenticated users 1-1","text","true","","301168","864","5","5","http://prism.test/procurement-office?year=2026","308","0","0"
"1791034103844","283","MEASURED - Procurement dashboard FY2026","200","OK","Authenticated users 1-3","text","true","","301168","864","5","5","http://prism.test/procurement-office?year=2026","281","0","0"
"1791034103848","289","MEASURED - Procurement dashboard FY2026","200","OK","Authenticated users 1-4","text","true","","301168","864","5","5","http://prism.test/procurement-office?year=2026","287","0","0"
"1791034103848","301","MEASURED - Procurement dashboard FY2026","200","OK","Authenticated users 1-2","text","true","","301168","864","5","5","http://prism.test/procurement-office?year=2026","298","0","0"
"1791034103864","293","MEASURED - Procurement dashboard FY2026","200","OK","Authenticated users 1-5","text","true","","301168","864","5","5","http://prism.test/procurement-office?year=2026","290","0","0"
"1791034103890","318","MEASURED - Procurement dashboard FY2026","200","OK","Authenticated users 1-1","text","true","","301168","864","5","5","http://prism.test/procurement-office?year=2026","316","0","0"
"1791034104131","290","MEASURED - Procurement dashboard FY2026","200","OK","Authenticated users 1-3","text","true","","301168","864","5","5","http://prism.test/procurement-office?year=2026","287","0","0"
"1791034104140","298","MEASURED - Procurement dashboard FY2026","200","OK","Authenticated users 1-4","text","true","","301168","864","5","5","http://prism.test/procurement-office?year=2026","295","0","0"
"1791034104153","291","MEASURED - Procurement dashboard FY2026","200","OK","Authenticated users 1-2","text","true","","301168","864","5","5","http://prism.test/procurement-office?year=2026","288","0","0"
"1791034104160","299","MEASURED - Procurement dashboard FY2026","200","OK","Authenticated users 1-5","text","true","","301168","864","5","5","http://prism.test/procurement-office?year=2026","296","0","0"
"1791034104212","323","MEASURED - Procurement dashboard FY2026","200","OK","Authenticated users 1-1","text","true","","301168","864","5","5","http://prism.test/procurement-office?year=2026","321","0","0"
"1791034104424","301","MEASURED - Procurement dashboard FY2026","200","OK","Authenticated users 1-3","text","true","","301168","864","5","5","http://prism.test/procurement-office?year=2026","298","0","0"
"1791034104442","294","MEASURED - Procurement dashboard FY2026","200","OK","Authenticated users 1-4","text","true","","301168","864","5","5","http://prism.test/procurement-office?year=2026","291","0","0"
"1791034104447","310","MEASURED - Procurement dashboard FY2026","200","OK","Authenticated users 1-2","text","true","","301168","864","5","5","http://prism.test/procurement-office?year=2026","306","0","0"
"1791034104463","302","MEASURED - Procurement dashboard FY2026","200","OK","Authenticated users 1-5","text","true","","301168","864","5","5","http://prism.test/procurement-office?year=2026","299","0","0"
"1791034104540","329","MEASURED - Procurement dashboard FY2026","200","OK","Authenticated users 1-1","text","true","","301168","864","5","5","http://prism.test/procurement-office?year=2026","327","0","0"
"1791034104730","308","MEASURED - Procurement dashboard FY2026","200","OK","Authenticated users 1-3","text","true","","301168","864","5","5","http://prism.test/procurement-office?year=2026","305","0","0"
"1791034104740","311","MEASURED - Procurement dashboard FY2026","200","OK","Authenticated users 1-4","text","true","","301168","864","5","5","http://prism.test/procurement-office?year=2026","308","0","0"
"1791034104761","297","MEASURED - Procurement dashboard FY2026","200","OK","Authenticated users 1-2","text","true","","301168","864","5","5","http://prism.test/procurement-office?year=2026","293","0","0"
"1791034104769","314","MEASURED - Procurement dashboard FY2026","200","OK","Authenticated users 1-5","text","true","","301168","864","5","5","http://prism.test/procurement-office?year=2026","312","0","0"
"1791034104872","309","MEASURED - Procurement dashboard FY2026","200","OK","Authenticated users 1-1","text","true","","301168","864","5","5","http://prism.test/procurement-office?year=2026","307","0","0"
"1791034105054","291","MEASURED - Procurement dashboard FY2026","200","OK","Authenticated users 1-4","text","true","","301168","864","5","5","http://prism.test/procurement-office?year=2026","289","0","0"
"1791034105041","305","MEASURED - Procurement dashboard FY2026","200","OK","Authenticated users 1-3","text","true","","301168","864","5","5","http://prism.test/procurement-office?year=2026","302","0","0"
"1791034105061","301","MEASURED - Procurement dashboard FY2026","200","OK","Authenticated users 1-2","text","true","","301168","864","3","3","http://prism.test/procurement-office?year=2026","299","0","0"
"1791034105086","296","MEASURED - Procurement dashboard FY2026","200","OK","Authenticated users 1-5","text","true","","301168","864","2","2","http://prism.test/procurement-office?year=2026","295","0","0"
"1791034105184","320","MEASURED - Procurement dashboard FY2026","200","OK","Authenticated users 1-1","text","true","","301168","864","1","1","http://prism.test/procurement-office?year=2026","317","0","0"
