"utc","free_ram_mb"
"2026-10-03T13:31:04.7325257+00:00","308.14"
"2026-10-03T13:31:14.9422967+00:00","341.89"
"2026-10-03T13:31:25.1085586+00:00","651.11"
"2026-10-03T13:31:37.4958364+00:00","411.25"
"2026-10-03T13:31:50.3143611+00:00","321.16"
"2026-10-03T13:32:03.1538039+00:00","406.93"
"2026-10-03T13:32:15.2617432+00:00","245.43"
"2026-10-03T13:32:26.8991488+00:00","162.02"
"2026-10-03T13:32:37.9143791+00:00","191.95"
"2026-10-03T13:32:49.7739757+00:00","136.46"
"2026-10-03T13:33:01.1970137+00:00","135.57"
"2026-10-03T13:33:13.4399367+00:00","142.14"
"2026-10-03T13:33:26.1388362+00:00","131.62"
"2026-10-03T13:33:38.1525445+00:00","130.27"
"2026-10-03T13:33:50.5655420+00:00","121.23"
"2026-10-03T13:34:03.1410537+00:00","166.37"
"2026-10-03T13:34:15.0927622+00:00","96.99"
"2026-10-03T13:34:26.8481136+00:00","47.91"
"2026-10-03T13:34:37.6183871+00:00","115.2"
"2026-10-03T13:34:48.2009446+00:00","102.05"
"2026-10-03T13:34:59.5964360+00:00","95.64"
"2026-10-03T13:35:11.0863983+00:00","92.51"
"2026-10-03T13:35:22.9082520+00:00","88.41"
"2026-10-03T13:35:34.1678204+00:00","111.38"
"2026-10-03T13:35:45.2560920+00:00","99.14"
"2026-10-03T13:35:56.4030596+00:00","78.35"
"2026-10-03T13:36:07.0938929+00:00","87.93"
"2026-10-03T13:36:18.1343656+00:00","110.01"
"2026-10-03T13:36:29.3340938+00:00","90.73"
